[{"pk": 13, "model": "contenttypes.contenttype", "fields": {"model": "articulo", "name": "articulo", "app_label": "principal"}}, {"pk": 14, "model": "contenttypes.contenttype", "fields": {"model": "articulousuario", "name": "articulo usuario", "app_label": "principal"}}, {"pk": 11, "model": "contenttypes.contenttype", "fields": {"model": "categoria", "name": "categoria", "app_label": "principal"}}, {"pk": 10, "model": "contenttypes.contenttype", "fields": {"model": "ciudad", "name": "ciudad", "app_label": "principal"}}, {"pk": 4, "model": "contenttypes.contenttype", "fields": {"model": "contenttype", "name": "content type", "app_label": "contenttypes"}}, {"pk": 9, "model": "contenttypes.contenttype", "fields": {"model": "estado", "name": "estado", "app_label": "principal"}}, {"pk": 16, "model": "contenttypes.contenttype", "fields": {"model": "evolution", "name": "evolution", "app_label": "django_evolution"}}, {"pk": 2, "model": "contenttypes.contenttype", "fields": {"model": "group", "name": "group", "app_label": "auth"}}, {"pk": 7, "model": "contenttypes.contenttype", "fields": {"model": "logentry", "name": "log entry", "app_label": "admin"}}, {"pk": 1, "model": "contenttypes.contenttype", "fields": {"model": "permission", "name": "permission", "app_label": "auth"}}, {"pk": 5, "model": "contenttypes.contenttype", "fields": {"model": "session", "name": "session", "app_label": "sessions"}}, {"pk": 6, "model": "contenttypes.contenttype", "fields": {"model": "site", "name": "site", "app_label": "sites"}}, {"pk": 12, "model": "contenttypes.contenttype", "fields": {"model": "tipo", "name": "tipo", "app_label": "principal"}}, {"pk": 3, "model": "contenttypes.contenttype", "fields": {"model": "user", "name": "user", "app_label": "auth"}}, {"pk": 8, "model": "contenttypes.contenttype", "fields": {"model": "usuario", "name": "usuario", "app_label": "principal"}}, {"pk": 15, "model": "contenttypes.contenttype", "fields": {"model": "version", "name": "version", "app_label": "django_evolution"}}, {"pk": 17, "model": "contenttypes.contenttype", "fields": {"model": "visita", "name": "visita", "app_label": "principal"}}, {"pk": "a65b52c7345ceeb79549a106161ead8e", "model": "sessions.session", "fields": {"expire_date": "2013-05-15T18:02:48Z", "session_data": "N2MyNzU1ODJmNzYyZGZhYWRjOTYxOWRhNTU0MTU3NzYwYjNhYjE3OTqAAn1xAShVBm5vbWJyZXEC\nWAwAAABNaWd1ZWwgQW5nZWxVDV9hdXRoX3VzZXJfaWSKAQFVEl9hdXRoX3VzZXJfYmFja2VuZFUp\nZGphbmdvLmNvbnRyaWIuYXV0aC5iYWNrZW5kcy5Nb2RlbEJhY2tlbmR1Lg==\n"}}, {"pk": 1, "model": "sites.site", "fields": {"domain": "example.com", "name": "example.com"}}, {"pk": 1, "model": "principal.estado", "fields": {"estado": "Tamaulipas"}}, {"pk": 1, "model": "principal.ciudad", "fields": {"ciudad": "Cd. Victoria", "estado": 1}}, {"pk": 2, "model": "principal.ciudad", "fields": {"ciudad": "San Fernando", "estado": 1}}, {"pk": 3, "model": "principal.ciudad", "fields": {"ciudad": "Reynosa", "estado": 1}}, {"pk": 1, "model": "principal.categoria", "fields": {"categoria": "Hombres"}}, {"pk": 2, "model": "principal.categoria", "fields": {"categoria": "Mujeres"}}, {"pk": 3, "model": "principal.categoria", "fields": {"categoria": "Ni\u00f1os"}}, {"pk": 4, "model": "principal.categoria", "fields": {"categoria": "Electronicos"}}, {"pk": 5, "model": "principal.categoria", "fields": {"categoria": "Vehiculos"}}, {"pk": 1, "model": "principal.tipo", "fields": {"tipo": "Nuevo"}}, {"pk": 2, "model": "principal.tipo", "fields": {"tipo": "Usado"}}, {"pk": 1, "model": "principal.usuario", "fields": {"estado": 1, "sitioweb": "http://mikko.blogspot.com/", "direccion": "Camino Real", "correo": "mferral@gmail.com", "ciudad": 1, "nombre": "Miguel Angel", "password": "inferno", "telefono": "8341114630"}}, {"pk": 2, "model": "principal.usuario", "fields": {"estado": 1, "sitioweb": "http://cuadru.com/", "direccion": "Casa", "correo": "david@cuadru.com", "ciudad": 1, "nombre": "David Reyes", "password": "reyes", "telefono": "12345"}}, {"pk": 3, "model": "principal.usuario", "fields": {"estado": 1, "sitioweb": "http://mayra.blogspot.com/", "direccion": "Zona Centro, C Allende ", "correo": "mayra.martinez@algo.com", "ciudad": 2, "nombre": "Mayra Martinez Rivera", "password": "mayracj94", "telefono": "-"}}, {"pk": 4, "model": "principal.usuario", "fields": {"estado": 1, "sitioweb": "http://shino.com.mx/", "direccion": "Reynosa", "correo": "shinokio@hotmial.com", "ciudad": 3, "nombre": "Alfredo Ferretiz Herrera", "password": "shinokio", "telefono": "-"}}, {"pk": 1, "model": "principal.articulo", "fields": {"categoria": 1, "status": 1, "fecha_publicacion": "2013-05-02T01:15:08Z", "imagen": "articulos/iphone.jpg", "tipo": 1, "usuario": 1, "fecha_vencimiento": "2013-05-23T23:12:21.672", "costo": "12000.00", "descripcion": "ultimo celular de apple", "titulo": "iPhone 5"}}, {"pk": 2, "model": "principal.articulo", "fields": {"categoria": 3, "status": 1, "fecha_publicacion": "2013-05-02T01:18:32Z", "imagen": "articulos/reebok.jpg", "tipo": 1, "usuario": 1, "fecha_vencimiento": "2013-05-23T23:12:21.672", "costo": "1300.00", "descripcion": "Tennis del capitan america", "titulo": "Tennis Reebok"}}, {"pk": 3, "model": "principal.articulo", "fields": {"categoria": 1, "status": 1, "fecha_publicacion": "2013-05-02T02:45:58Z", "imagen": "articulos/2013-05-01_21-27-14_992.jpg", "tipo": 2, "usuario": 1, "fecha_vencimiento": "2013-05-23T23:12:21.672", "costo": "200.00", "descripcion": "Mouse Bluetoot Logitech", "titulo": "Mouse Logitech"}}, {"pk": 4, "model": "principal.articulo", "fields": {"categoria": 2, "status": 1, "fecha_publicacion": "2013-05-02T14:39:36Z", "imagen": "articulos/bolsa.jpg", "tipo": 1, "usuario": 1, "fecha_vencimiento": "2013-05-23T23:12:21.672", "costo": "2000.00", "descripcion": "Bolsa cafe para dama", "titulo": "Bolsa Cafe"}}, {"pk": 5, "model": "principal.articulo", "fields": {"categoria": 5, "status": 1, "fecha_publicacion": "2013-05-02T16:51:42Z", "imagen": "articulos/challenger.jpeg", "tipo": 1, "usuario": 1, "fecha_vencimiento": "2013-05-23T23:12:21.672", "costo": "50000.00", "descripcion": "Challenger", "titulo": "Challenger"}}, {"pk": 6, "model": "principal.articulo", "fields": {"categoria": 5, "status": 1, "fecha_publicacion": "2013-05-02T16:54:37Z", "imagen": "articulos/charger.jpeg", "tipo": 1, "usuario": 1, "fecha_vencimiento": "2013-05-23T23:12:21.672", "costo": "50000.00", "descripcion": "Charger", "titulo": "Charger"}}, {"pk": 7, "model": "principal.articulo", "fields": {"categoria": 5, "status": 1, "fecha_publicacion": "2013-05-02T16:55:18Z", "imagen": "articulos/chevelle.jpg", "tipo": 1, "usuario": 1, "fecha_vencimiento": "2013-05-23T23:12:21.672", "costo": "50000.00", "descripcion": "Chevelle", "titulo": "Chevelle"}}, {"pk": 8, "model": "principal.articulo", "fields": {"categoria": 4, "status": 1, "fecha_publicacion": "2013-05-02T17:03:58Z", "imagen": "articulos/images.jpeg", "tipo": 2, "usuario": 2, "fecha_vencimiento": "2013-05-23T23:12:21.672", "costo": "3000.00", "descripcion": "Kindle Fire HD", "titulo": "Kindle Fire HD"}}, {"pk": 9, "model": "principal.articulo", "fields": {"categoria": 5, "status": 1, "fecha_publicacion": "2013-05-02T17:04:41Z", "imagen": "articulos/impala.jpeg", "tipo": 2, "usuario": 1, "fecha_vencimiento": "2013-05-23T23:12:21.672", "costo": "70000.00", "descripcion": "Impala", "titulo": "Impala"}}, {"pk": 10, "model": "principal.articulo", "fields": {"categoria": 4, "status": 1, "fecha_publicacion": "2013-05-02T17:05:12Z", "imagen": "articulos/iPad-mini-black.jpg", "tipo": 1, "usuario": 2, "fecha_vencimiento": "2013-05-23T23:12:21.672", "costo": "7000.00", "descripcion": "iPad Mini", "titulo": "iPad Mini"}}, {"pk": 11, "model": "principal.articulo", "fields": {"categoria": 4, "status": 1, "fecha_publicacion": "2013-05-02T17:06:30Z", "imagen": "articulos/microsoft-xbox-360-2w7-800.jpg", "tipo": 1, "usuario": 1, "fecha_vencimiento": "2013-05-23T23:12:21.672", "costo": "3500.00", "descripcion": "xbox 360, 2 controles, Disco Duro de 20 GB ", "titulo": "Xbox 360"}}, {"pk": 12, "model": "principal.articulo", "fields": {"categoria": 5, "status": 1, "fecha_publicacion": "2013-05-02T17:07:26Z", "imagen": "articulos/mustang.jpeg", "tipo": 2, "usuario": 1, "fecha_vencimiento": "2013-05-23T23:12:21.672", "costo": "80000.00", "descripcion": "Mustang", "titulo": "Mustang"}}, {"pk": 13, "model": "principal.articulo", "fields": {"categoria": 4, "status": 1, "fecha_publicacion": "2013-05-02T17:08:11Z", "imagen": "articulos/nexus.jpeg", "tipo": 2, "usuario": 1, "fecha_vencimiento": "2013-05-23T23:12:21.673", "costo": "3500.00", "descripcion": "Nexus 7", "titulo": "Nexus 7"}}, {"pk": 14, "model": "principal.articulo", "fields": {"categoria": 4, "status": 1, "fecha_publicacion": "2013-05-02T17:08:43Z", "imagen": "articulos/playstation-3-530x365-c.jpg", "tipo": 2, "usuario": 1, "fecha_vencimiento": "2013-05-23T23:12:21.673", "costo": "4000.00", "descripcion": "PS3", "titulo": "Playstation 3"}}, {"pk": 15, "model": "principal.articulo", "fields": {"categoria": 5, "status": 1, "fecha_publicacion": "2013-05-03T17:51:58Z", "imagen": "articulos/59-63-Chevy-Impala-s-american-muscle-cars-15031176-500-303.jpg", "tipo": 2, "usuario": 2, "fecha_vencimiento": "2013-05-23T23:12:21.673", "costo": "60000.00", "descripcion": "Chevy Impala 59", "titulo": "Chevy Impala 59"}}, {"pk": 16, "model": "principal.articulo", "fields": {"categoria": 5, "status": 1, "fecha_publicacion": "2013-05-03T17:55:20Z", "imagen": "articulos/59-63-Chevy-Impala-s-american-muscle-cars-15031179-500-375.jpg", "tipo": 2, "usuario": 1, "fecha_vencimiento": "2013-05-23T23:12:21.673", "costo": "65000.00", "descripcion": "Chevy Impala 60", "titulo": "Chevy Impala 60"}}, {"pk": 17, "model": "principal.articulo", "fields": {"categoria": 5, "status": 1, "fecha_publicacion": "2013-05-03T17:56:15Z", "imagen": "articulos/torino-ford.jpg", "tipo": 2, "usuario": 1, "fecha_vencimiento": "2013-05-23T23:12:21.673", "costo": "90000.00", "descripcion": "Ford Torino", "titulo": "Ford Torino"}}, {"pk": 18, "model": "principal.articulo", "fields": {"categoria": 5, "status": 1, "fecha_publicacion": "2013-05-03T17:57:02Z", "imagen": "articulos/shelby-american-muscle-cars-5893728-500-375.jpg", "tipo": 2, "usuario": 1, "fecha_vencimiento": "2013-05-23T23:12:21.673", "costo": "99999.00", "descripcion": "Shelby Cobra", "titulo": "Shelby Cobra"}}, {"pk": 19, "model": "principal.articulo", "fields": {"categoria": 5, "status": 1, "fecha_publicacion": "2013-05-03T17:57:54Z", "imagen": "articulos/shelby-gt-500-eleanor-american-muscle-cars-18880991-500-332.jpg", "tipo": 2, "usuario": 1, "fecha_vencimiento": "2013-05-23T23:12:21.673", "costo": "99999.00", "descripcion": "Shelvy GT 500 Eleonor", "titulo": "Shelvy GT 500 Eleonor"}}, {"pk": 20, "model": "principal.articulo", "fields": {"categoria": 2, "status": 1, "fecha_publicacion": "2013-05-04T04:30:51Z", "imagen": "articulos/dior.jpg", "tipo": 1, "usuario": 1, "fecha_vencimiento": "2013-05-23T23:12:21.673", "costo": "600.00", "descripcion": "Mascara Professionnel Volume et Courbe Spectaculaires", "titulo": "Diorshow Iconic Overcurl"}}, {"pk": 21, "model": "principal.articulo", "fields": {"categoria": 4, "status": 1, "fecha_publicacion": "2013-05-08T19:58:05Z", "imagen": "articulos/nexus_5.jpeg", "tipo": 1, "usuario": 1, "fecha_vencimiento": "2013-05-23T23:12:21.673", "costo": "3000.00", "descripcion": "Desc", "titulo": "Nexus 7"}}, {"pk": 22, "model": "principal.articulo", "fields": {"categoria": 2, "status": 1, "fecha_publicacion": "2013-05-09T03:38:18Z", "imagen": "articulos/esmalte.jpg", "tipo": 1, "usuario": 3, "fecha_vencimiento": "2013-05-23T23:12:21.673", "costo": "60.00", "descripcion": "Esmalte rosa con glitter", "titulo": "Nail Color"}}, {"pk": 23, "model": "principal.articulo", "fields": {"categoria": 4, "status": 1, "fecha_publicacion": "2013-05-09T03:55:49Z", "imagen": "articulos/tv.jpeg", "tipo": 1, "usuario": 1, "fecha_vencimiento": "2013-05-23T23:12:21.673", "costo": "4500.00", "descripcion": "Tv Samsung", "titulo": "TV Samsung 32'"}}, {"pk": 1, "model": "principal.articulousuario", "fields": {"orden": 2, "articulo": 21, "usuario": 1}}, {"pk": 2, "model": "principal.articulousuario", "fields": {"orden": 0, "articulo": 22, "usuario": 3}}, {"pk": 3, "model": "principal.articulousuario", "fields": {"orden": 0, "articulo": 23, "usuario": 1}}, {"pk": 1, "model": "principal.visita", "fields": {"ip": "::1", "articulo": 21, "fecha_publicacion": "2013-05-09T02:50:36Z"}}, {"pk": 2, "model": "principal.visita", "fields": {"ip": "::1", "articulo": 21, "fecha_publicacion": "2013-05-09T02:53:51Z"}}, {"pk": 3, "model": "principal.visita", "fields": {"ip": "::1", "articulo": 21, "fecha_publicacion": "2013-05-09T03:00:00Z"}}, {"pk": 4, "model": "principal.visita", "fields": {"ip": "::1", "articulo": 21, "fecha_publicacion": "2013-05-09T03:26:52Z"}}, {"pk": 5, "model": "principal.visita", "fields": {"ip": "187.195.216.129", "articulo": 20, "fecha_publicacion": "2013-05-09T03:34:54Z"}}, {"pk": 6, "model": "principal.visita", "fields": {"ip": "187.195.216.129", "articulo": 20, "fecha_publicacion": "2013-05-09T03:34:59Z"}}, {"pk": 7, "model": "principal.visita", "fields": {"ip": "::1", "articulo": 22, "fecha_publicacion": "2013-05-09T03:39:00Z"}}, {"pk": 8, "model": "principal.visita", "fields": {"ip": "187.195.216.129", "articulo": 22, "fecha_publicacion": "2013-05-09T03:41:16Z"}}, {"pk": 9, "model": "principal.visita", "fields": {"ip": "187.195.216.129", "articulo": 22, "fecha_publicacion": "2013-05-09T03:50:26Z"}}, {"pk": 19, "model": "auth.permission", "fields": {"codename": "add_logentry", "name": "Can add log entry", "content_type": 7}}, {"pk": 20, "model": "auth.permission", "fields": {"codename": "change_logentry", "name": "Can change log entry", "content_type": 7}}, {"pk": 21, "model": "auth.permission", "fields": {"codename": "delete_logentry", "name": "Can delete log entry", "content_type": 7}}, {"pk": 4, "model": "auth.permission", "fields": {"codename": "add_group", "name": "Can add group", "content_type": 2}}, {"pk": 5, "model": "auth.permission", "fields": {"codename": "change_group", "name": "Can change group", "content_type": 2}}, {"pk": 6, "model": "auth.permission", "fields": {"codename": "delete_group", "name": "Can delete group", "content_type": 2}}, {"pk": 1, "model": "auth.permission", "fields": {"codename": "add_permission", "name": "Can add permission", "content_type": 1}}, {"pk": 2, "model": "auth.permission", "fields": {"codename": "change_permission", "name": "Can change permission", "content_type": 1}}, {"pk": 3, "model": "auth.permission", "fields": {"codename": "delete_permission", "name": "Can delete permission", "content_type": 1}}, {"pk": 7, "model": "auth.permission", "fields": {"codename": "add_user", "name": "Can add user", "content_type": 3}}, {"pk": 8, "model": "auth.permission", "fields": {"codename": "change_user", "name": "Can change user", "content_type": 3}}, {"pk": 9, "model": "auth.permission", "fields": {"codename": "delete_user", "name": "Can delete user", "content_type": 3}}, {"pk": 10, "model": "auth.permission", "fields": {"codename": "add_contenttype", "name": "Can add content type", "content_type": 4}}, {"pk": 11, "model": "auth.permission", "fields": {"codename": "change_contenttype", "name": "Can change content type", "content_type": 4}}, {"pk": 12, "model": "auth.permission", "fields": {"codename": "delete_contenttype", "name": "Can delete content type", "content_type": 4}}, {"pk": 46, "model": "auth.permission", "fields": {"codename": "add_evolution", "name": "Can add evolution", "content_type": 16}}, {"pk": 47, "model": "auth.permission", "fields": {"codename": "change_evolution", "name": "Can change evolution", "content_type": 16}}, {"pk": 48, "model": "auth.permission", "fields": {"codename": "delete_evolution", "name": "Can delete evolution", "content_type": 16}}, {"pk": 43, "model": "auth.permission", "fields": {"codename": "add_version", "name": "Can add version", "content_type": 15}}, {"pk": 44, "model": "auth.permission", "fields": {"codename": "change_version", "name": "Can change version", "content_type": 15}}, {"pk": 45, "model": "auth.permission", "fields": {"codename": "delete_version", "name": "Can delete version", "content_type": 15}}, {"pk": 37, "model": "auth.permission", "fields": {"codename": "add_articulo", "name": "Can add articulo", "content_type": 13}}, {"pk": 38, "model": "auth.permission", "fields": {"codename": "change_articulo", "name": "Can change articulo", "content_type": 13}}, {"pk": 39, "model": "auth.permission", "fields": {"codename": "delete_articulo", "name": "Can delete articulo", "content_type": 13}}, {"pk": 40, "model": "auth.permission", "fields": {"codename": "add_articulousuario", "name": "Can add articulo usuario", "content_type": 14}}, {"pk": 41, "model": "auth.permission", "fields": {"codename": "change_articulousuario", "name": "Can change articulo usuario", "content_type": 14}}, {"pk": 42, "model": "auth.permission", "fields": {"codename": "delete_articulousuario", "name": "Can delete articulo usuario", "content_type": 14}}, {"pk": 31, "model": "auth.permission", "fields": {"codename": "add_categoria", "name": "Can add categoria", "content_type": 11}}, {"pk": 32, "model": "auth.permission", "fields": {"codename": "change_categoria", "name": "Can change categoria", "content_type": 11}}, {"pk": 33, "model": "auth.permission", "fields": {"codename": "delete_categoria", "name": "Can delete categoria", "content_type": 11}}, {"pk": 28, "model": "auth.permission", "fields": {"codename": "add_ciudad", "name": "Can add ciudad", "content_type": 10}}, {"pk": 29, "model": "auth.permission", "fields": {"codename": "change_ciudad", "name": "Can change ciudad", "content_type": 10}}, {"pk": 30, "model": "auth.permission", "fields": {"codename": "delete_ciudad", "name": "Can delete ciudad", "content_type": 10}}, {"pk": 25, "model": "auth.permission", "fields": {"codename": "add_estado", "name": "Can add estado", "content_type": 9}}, {"pk": 26, "model": "auth.permission", "fields": {"codename": "change_estado", "name": "Can change estado", "content_type": 9}}, {"pk": 27, "model": "auth.permission", "fields": {"codename": "delete_estado", "name": "Can delete estado", "content_type": 9}}, {"pk": 34, "model": "auth.permission", "fields": {"codename": "add_tipo", "name": "Can add tipo", "content_type": 12}}, {"pk": 35, "model": "auth.permission", "fields": {"codename": "change_tipo", "name": "Can change tipo", "content_type": 12}}, {"pk": 36, "model": "auth.permission", "fields": {"codename": "delete_tipo", "name": "Can delete tipo", "content_type": 12}}, {"pk": 22, "model": "auth.permission", "fields": {"codename": "add_usuario", "name": "Can add usuario", "content_type": 8}}, {"pk": 23, "model": "auth.permission", "fields": {"codename": "change_usuario", "name": "Can change usuario", "content_type": 8}}, {"pk": 24, "model": "auth.permission", "fields": {"codename": "delete_usuario", "name": "Can delete usuario", "content_type": 8}}, {"pk": 49, "model": "auth.permission", "fields": {"codename": "add_visita", "name": "Can add visita", "content_type": 17}}, {"pk": 50, "model": "auth.permission", "fields": {"codename": "change_visita", "name": "Can change visita", "content_type": 17}}, {"pk": 51, "model": "auth.permission", "fields": {"codename": "delete_visita", "name": "Can delete visita", "content_type": 17}}, {"pk": 13, "model": "auth.permission", "fields": {"codename": "add_session", "name": "Can add session", "content_type": 5}}, {"pk": 14, "model": "auth.permission", "fields": {"codename": "change_session", "name": "Can change session", "content_type": 5}}, {"pk": 15, "model": "auth.permission", "fields": {"codename": "delete_session", "name": "Can delete session", "content_type": 5}}, {"pk": 16, "model": "auth.permission", "fields": {"codename": "add_site", "name": "Can add site", "content_type": 6}}, {"pk": 17, "model": "auth.permission", "fields": {"codename": "change_site", "name": "Can change site", "content_type": 6}}, {"pk": 18, "model": "auth.permission", "fields": {"codename": "delete_site", "name": "Can delete site", "content_type": 6}}, {"pk": 1, "model": "auth.user", "fields": {"username": "mallvictoria", "first_name": "", "last_name": "", "is_active": true, "is_superuser": true, "is_staff": true, "last_login": "2013-05-01T02:15:01Z", "groups": [], "user_permissions": [], "password": "pbkdf2_sha256$10000$XKRnN8tPaGN4$4V8xuq1HfnjS45YSQg1uwtW20cPreaurGpZTEU2B+Z0=", "email": "mferral@gmail.com", "date_joined": "2013-05-01T01:30:36Z"}}, {"pk": 2, "model": "auth.user", "fields": {"username": "david", "first_name": "", "last_name": "", "is_active": true, "is_superuser": false, "is_staff": false, "last_login": "2013-05-02T14:42:09Z", "groups": [], "user_permissions": [], "password": "pbkdf2_sha256$10000$4l3pFkC94IBC$qqwRfe1oSbrJsxFxQcKWgIhuCB3psSFQuVKBrhncofE=", "email": "", "date_joined": "2013-05-02T14:42:09Z"}}, {"pk": 49, "model": "admin.logentry", "fields": {"action_flag": 1, "action_time": "2013-05-09T03:28:24Z", "object_repr": "Alfredo Ferretiz Herrera", "object_id": "4", "change_message": "", "user": 1, "content_type": 8}}, {"pk": 48, "model": "admin.logentry", "fields": {"action_flag": 1, "action_time": "2013-05-09T03:10:59Z", "object_repr": "Mayra Martinez Rivera", "object_id": "3", "change_message": "", "user": 1, "content_type": 8}}, {"pk": 47, "model": "admin.logentry", "fields": {"action_flag": 1, "action_time": "2013-05-09T03:05:54Z", "object_repr": "Reynosa", "object_id": "3", "change_message": "", "user": 1, "content_type": 10}}, {"pk": 46, "model": "admin.logentry", "fields": {"action_flag": 1, "action_time": "2013-05-09T03:05:41Z", "object_repr": "San Fernando", "object_id": "2", "change_message": "", "user": 1, "content_type": 10}}, {"pk": 45, "model": "admin.logentry", "fields": {"action_flag": 1, "action_time": "2013-05-04T04:30:51Z", "object_repr": "Diorshow Iconic Overcurl", "object_id": "20", "change_message": "", "user": 1, "content_type": 13}}, {"pk": 44, "model": "admin.logentry", "fields": {"action_flag": 1, "action_time": "2013-05-03T17:57:54Z", "object_repr": "Shelvy GT 500 Eleonor", "object_id": "19", "change_message": "", "user": 1, "content_type": 13}}, {"pk": 43, "model": "admin.logentry", "fields": {"action_flag": 1, "action_time": "2013-05-03T17:57:02Z", "object_repr": "Shelby Cobra", "object_id": "18", "change_message": "", "user": 1, "content_type": 13}}, {"pk": 42, "model": "admin.logentry", "fields": {"action_flag": 1, "action_time": "2013-05-03T17:56:15Z", "object_repr": "Ford Torino", "object_id": "17", "change_message": "", "user": 1, "content_type": 13}}, {"pk": 41, "model": "admin.logentry", "fields": {"action_flag": 1, "action_time": "2013-05-03T17:55:20Z", "object_repr": "Chevy Impala 60", "object_id": "16", "change_message": "", "user": 1, "content_type": 13}}, {"pk": 40, "model": "admin.logentry", "fields": {"action_flag": 1, "action_time": "2013-05-03T17:51:58Z", "object_repr": "Chevy Impala 59", "object_id": "15", "change_message": "", "user": 1, "content_type": 13}}, {"pk": 39, "model": "admin.logentry", "fields": {"action_flag": 1, "action_time": "2013-05-02T17:08:43Z", "object_repr": "Playstation 3", "object_id": "14", "change_message": "", "user": 1, "content_type": 13}}, {"pk": 38, "model": "admin.logentry", "fields": {"action_flag": 1, "action_time": "2013-05-02T17:08:11Z", "object_repr": "Nexus 7", "object_id": "13", "change_message": "", "user": 1, "content_type": 13}}, {"pk": 37, "model": "admin.logentry", "fields": {"action_flag": 1, "action_time": "2013-05-02T17:07:26Z", "object_repr": "Mustang", "object_id": "12", "change_message": "", "user": 1, "content_type": 13}}, {"pk": 36, "model": "admin.logentry", "fields": {"action_flag": 1, "action_time": "2013-05-02T17:06:30Z", "object_repr": "Xbox 360", "object_id": "11", "change_message": "", "user": 1, "content_type": 13}}, {"pk": 35, "model": "admin.logentry", "fields": {"action_flag": 1, "action_time": "2013-05-02T17:05:12Z", "object_repr": "iPad Mini", "object_id": "10", "change_message": "", "user": 1, "content_type": 13}}, {"pk": 34, "model": "admin.logentry", "fields": {"action_flag": 1, "action_time": "2013-05-02T17:04:41Z", "object_repr": "Impala", "object_id": "9", "change_message": "", "user": 1, "content_type": 13}}, {"pk": 33, "model": "admin.logentry", "fields": {"action_flag": 1, "action_time": "2013-05-02T17:03:58Z", "object_repr": "Kindle Fire HD", "object_id": "8", "change_message": "", "user": 1, "content_type": 13}}, {"pk": 32, "model": "admin.logentry", "fields": {"action_flag": 1, "action_time": "2013-05-02T16:55:18Z", "object_repr": "Chevelle", "object_id": "7", "change_message": "", "user": 1, "content_type": 13}}, {"pk": 31, "model": "admin.logentry", "fields": {"action_flag": 1, "action_time": "2013-05-02T16:54:37Z", "object_repr": "Charger", "object_id": "6", "change_message": "", "user": 1, "content_type": 13}}, {"pk": 30, "model": "admin.logentry", "fields": {"action_flag": 1, "action_time": "2013-05-02T16:51:42Z", "object_repr": "Challenger", "object_id": "5", "change_message": "", "user": 1, "content_type": 13}}, {"pk": 29, "model": "admin.logentry", "fields": {"action_flag": 1, "action_time": "2013-05-02T16:50:11Z", "object_repr": "Vehiculos", "object_id": "5", "change_message": "", "user": 1, "content_type": 11}}, {"pk": 28, "model": "admin.logentry", "fields": {"action_flag": 1, "action_time": "2013-05-02T16:41:17Z", "object_repr": "Electronicos", "object_id": "4", "change_message": "", "user": 1, "content_type": 11}}, {"pk": 27, "model": "admin.logentry", "fields": {"action_flag": 1, "action_time": "2013-05-02T14:44:08Z", "object_repr": "David Reyes", "object_id": "2", "change_message": "", "user": 1, "content_type": 8}}, {"pk": 26, "model": "admin.logentry", "fields": {"action_flag": 1, "action_time": "2013-05-02T14:42:09Z", "object_repr": "david", "object_id": "2", "change_message": "", "user": 1, "content_type": 3}}, {"pk": 25, "model": "admin.logentry", "fields": {"action_flag": 1, "action_time": "2013-05-02T14:39:36Z", "object_repr": "Bolsa Cafe", "object_id": "4", "change_message": "", "user": 1, "content_type": 13}}, {"pk": 24, "model": "admin.logentry", "fields": {"action_flag": 1, "action_time": "2013-05-02T02:45:58Z", "object_repr": "Mouse Logitech", "object_id": "3", "change_message": "", "user": 1, "content_type": 13}}, {"pk": 23, "model": "admin.logentry", "fields": {"action_flag": 1, "action_time": "2013-05-02T01:18:32Z", "object_repr": "Tennis Reebok", "object_id": "2", "change_message": "", "user": 1, "content_type": 13}}, {"pk": 22, "model": "admin.logentry", "fields": {"action_flag": 1, "action_time": "2013-05-02T01:15:08Z", "object_repr": "iPhone 5", "object_id": "1", "change_message": "", "user": 1, "content_type": 13}}, {"pk": 21, "model": "admin.logentry", "fields": {"action_flag": 1, "action_time": "2013-05-01T16:02:47Z", "object_repr": "Miguel Angel", "object_id": "1", "change_message": "", "user": 1, "content_type": 8}}, {"pk": 20, "model": "admin.logentry", "fields": {"action_flag": 1, "action_time": "2013-05-01T06:48:46Z", "object_repr": "Usado", "object_id": "2", "change_message": "", "user": 1, "content_type": 12}}, {"pk": 19, "model": "admin.logentry", "fields": {"action_flag": 1, "action_time": "2013-05-01T06:48:39Z", "object_repr": "Nuevo", "object_id": "1", "change_message": "", "user": 1, "content_type": 12}}, {"pk": 18, "model": "admin.logentry", "fields": {"action_flag": 1, "action_time": "2013-05-01T06:45:06Z", "object_repr": "Cd. Victoria", "object_id": "1", "change_message": "", "user": 1, "content_type": 10}}, {"pk": 17, "model": "admin.logentry", "fields": {"action_flag": 1, "action_time": "2013-05-01T06:44:54Z", "object_repr": "Tamaulipas", "object_id": "1", "change_message": "", "user": 1, "content_type": 9}}, {"pk": 16, "model": "admin.logentry", "fields": {"action_flag": 1, "action_time": "2013-05-01T06:44:39Z", "object_repr": "Ni\u00f1os", "object_id": "3", "change_message": "", "user": 1, "content_type": 11}}, {"pk": 15, "model": "admin.logentry", "fields": {"action_flag": 1, "action_time": "2013-05-01T06:44:34Z", "object_repr": "Mujeres", "object_id": "2", "change_message": "", "user": 1, "content_type": 11}}, {"pk": 14, "model": "admin.logentry", "fields": {"action_flag": 1, "action_time": "2013-05-01T06:44:27Z", "object_repr": "Hombres", "object_id": "1", "change_message": "", "user": 1, "content_type": 11}}, {"pk": 13, "model": "admin.logentry", "fields": {"action_flag": 1, "action_time": "2013-05-01T03:58:23Z", "object_repr": "Cd. Victoria", "object_id": "1", "change_message": "", "user": 1, "content_type": 10}}, {"pk": 12, "model": "admin.logentry", "fields": {"action_flag": 1, "action_time": "2013-05-01T03:58:05Z", "object_repr": "Tamaulipas", "object_id": "1", "change_message": "", "user": 1, "content_type": 9}}, {"pk": 11, "model": "admin.logentry", "fields": {"action_flag": 1, "action_time": "2013-05-01T03:57:45Z", "object_repr": "Vehiculos", "object_id": "9", "change_message": "", "user": 1, "content_type": 11}}, {"pk": 10, "model": "admin.logentry", "fields": {"action_flag": 1, "action_time": "2013-05-01T03:57:33Z", "object_repr": "Comida", "object_id": "8", "change_message": "", "user": 1, "content_type": 11}}, {"pk": 9, "model": "admin.logentry", "fields": {"action_flag": 1, "action_time": "2013-05-01T03:57:27Z", "object_repr": "Mascotas", "object_id": "7", "change_message": "", "user": 1, "content_type": 11}}, {"pk": 8, "model": "admin.logentry", "fields": {"action_flag": 1, "action_time": "2013-05-01T03:57:16Z", "object_repr": "Electronicos", "object_id": "6", "change_message": "", "user": 1, "content_type": 11}}, {"pk": 7, "model": "admin.logentry", "fields": {"action_flag": 1, "action_time": "2013-05-01T03:57:07Z", "object_repr": "Hogar", "object_id": "5", "change_message": "", "user": 1, "content_type": 11}}, {"pk": 6, "model": "admin.logentry", "fields": {"action_flag": 1, "action_time": "2013-05-01T03:56:47Z", "object_repr": "Estilo de Vida", "object_id": "4", "change_message": "", "user": 1, "content_type": 11}}, {"pk": 5, "model": "admin.logentry", "fields": {"action_flag": 1, "action_time": "2013-05-01T03:56:35Z", "object_repr": "Ni\u00f1os", "object_id": "3", "change_message": "", "user": 1, "content_type": 11}}, {"pk": 4, "model": "admin.logentry", "fields": {"action_flag": 1, "action_time": "2013-05-01T03:56:26Z", "object_repr": "Mujeres", "object_id": "2", "change_message": "", "user": 1, "content_type": 11}}, {"pk": 3, "model": "admin.logentry", "fields": {"action_flag": 1, "action_time": "2013-05-01T03:56:18Z", "object_repr": "Hombres", "object_id": "1", "change_message": "", "user": 1, "content_type": 11}}, {"pk": 2, "model": "admin.logentry", "fields": {"action_flag": 1, "action_time": "2013-05-01T03:55:54Z", "object_repr": "Usado", "object_id": "2", "change_message": "", "user": 1, "content_type": 12}}, {"pk": 1, "model": "admin.logentry", "fields": {"action_flag": 1, "action_time": "2013-05-01T03:55:32Z", "object_repr": "Nuevo", "object_id": "1", "change_message": "", "user": 1, "content_type": 12}}]